id_prov,id_kab,kab,prov
11,1101,KABUPATEN SIMEULUE,ACEH
11,1102,KABUPATEN ACEH SINGKIL,ACEH
11,1103,KABUPATEN ACEH SELATAN,ACEH
11,1104,KABUPATEN ACEH TENGGARA,ACEH
11,1105,KABUPATEN ACEH TIMUR,ACEH
11,1106,KABUPATEN ACEH TENGAH,ACEH
11,1107,KABUPATEN ACEH BARAT,ACEH
11,1108,KABUPATEN ACEH BESAR,ACEH
11,1109,KABUPATEN PIDIE,ACEH
11,1110,KABUPATEN BIREUEN,ACEH
11,1111,KABUPATEN ACEH UTARA,ACEH
11,1112,KABUPATEN ACEH BARAT DAYA,ACEH
11,1113,KABUPATEN GAYO LUES,ACEH
11,1114,KABUPATEN ACEH TAMIANG,ACEH
11,1115,KABUPATEN NAGAN RAYA,ACEH
11,1116,KABUPATEN ACEH JAYA,ACEH
11,1117,KABUPATEN BENER MERIAH,ACEH
11,1118,KABUPATEN PIDIE JAYA,ACEH
11,1171,KOTA BANDA ACEH,ACEH
11,1172,KOTA SABANG,ACEH
11,1173,KOTA LANGSA,ACEH
11,1174,KOTA LHOKSEUMAWE,ACEH
11,1175,KOTA SUBULUSSALAM,ACEH
12,1201,KABUPATEN NIAS,SUMATERA UTARA
12,1202,KABUPATEN MANDAILING NATAL,SUMATERA UTARA
12,1203,KABUPATEN TAPANULI SELATAN,SUMATERA UTARA
12,1204,KABUPATEN TAPANULI TENGAH,SUMATERA UTARA
12,1205,KABUPATEN TAPANULI UTARA,SUMATERA UTARA
12,1206,KABUPATEN TOBA SAMOSIR,SUMATERA UTARA
12,1207,KABUPATEN LABUHAN BATU,SUMATERA UTARA
12,1208,KABUPATEN ASAHAN,SUMATERA UTARA
12,1209,KABUPATEN SIMALUNGUN,SUMATERA UTARA
12,1210,KABUPATEN DAIRI,SUMATERA UTARA
12,1211,KABUPATEN KARO,SUMATERA UTARA
12,1212,KABUPATEN DELI SERDANG,SUMATERA UTARA
12,1213,KABUPATEN LANGKAT,SUMATERA UTARA
12,1214,KABUPATEN NIAS SELATAN,SUMATERA UTARA
12,1215,KABUPATEN HUMBANG HASUNDUTAN,SUMATERA UTARA
12,1216,KABUPATEN PAKPAK BHARAT,SUMATERA UTARA
12,1217,KABUPATEN SAMOSIR,SUMATERA UTARA
12,1218,KABUPATEN SERDANG BEDAGAI,SUMATERA UTARA
12,1219,KABUPATEN BATU BARA,SUMATERA UTARA
12,1220,KABUPATEN PADANG LAWAS UTARA,SUMATERA UTARA
12,1221,KABUPATEN PADANG LAWAS,SUMATERA UTARA
12,1222,KABUPATEN LABUHAN BATU SELATAN,SUMATERA UTARA
12,1223,KABUPATEN LABUHAN BATU UTARA,SUMATERA UTARA
12,1224,KABUPATEN NIAS UTARA,SUMATERA UTARA
12,1225,KABUPATEN NIAS BARAT,SUMATERA UTARA
12,1271,KOTA SIBOLGA,SUMATERA UTARA
12,1272,KOTA TANJUNG BALAI,SUMATERA UTARA
12,1273,KOTA PEMATANG SIANTAR,SUMATERA UTARA
12,1274,KOTA TEBING TINGGI,SUMATERA UTARA
12,1275,KOTA MEDAN,SUMATERA UTARA
12,1276,KOTA BINJAI,SUMATERA UTARA
12,1277,KOTA PADANGSIDIMPUAN,SUMATERA UTARA
12,1278,KOTA GUNUNGSITOLI,SUMATERA UTARA
13,1301,KABUPATEN KEPULAUAN MENTAWAI,SUMATERA BARAT
13,1302,KABUPATEN PESISIR SELATAN,SUMATERA BARAT
13,1303,KABUPATEN SOLOK,SUMATERA BARAT
13,1304,KABUPATEN SIJUNJUNG,SUMATERA BARAT
13,1305,KABUPATEN TANAH DATAR,SUMATERA BARAT
13,1306,KABUPATEN PADANG PARIAMAN,SUMATERA BARAT
13,1307,KABUPATEN AGAM,SUMATERA BARAT
13,1308,KABUPATEN LIMA PULUH KOTA,SUMATERA BARAT
13,1309,KABUPATEN PASAMAN,SUMATERA BARAT
13,1310,KABUPATEN SOLOK SELATAN,SUMATERA BARAT
13,1311,KABUPATEN DHARMASRAYA,SUMATERA BARAT
13,1312,KABUPATEN PASAMAN BARAT,SUMATERA BARAT
13,1371,KOTA PADANG,SUMATERA BARAT
13,1372,KOTA SOLOK,SUMATERA BARAT
13,1373,KOTA SAWAH LUNTO,SUMATERA BARAT
13,1374,KOTA PADANG PANJANG,SUMATERA BARAT
13,1375,KOTA BUKITTINGGI,SUMATERA BARAT
13,1376,KOTA PAYAKUMBUH,SUMATERA BARAT
13,1377,KOTA PARIAMAN,SUMATERA BARAT
14,1401,KABUPATEN KUANTAN SINGINGI,RIAU
14,1402,KABUPATEN INDRAGIRI HULU,RIAU
14,1403,KABUPATEN INDRAGIRI HILIR,RIAU
14,1404,KABUPATEN PELALAWAN,RIAU
14,1405,KABUPATEN S I A K,RIAU
14,1406,KABUPATEN KAMPAR,RIAU
14,1407,KABUPATEN ROKAN HULU,RIAU
14,1408,KABUPATEN BENGKALIS,RIAU
14,1409,KABUPATEN ROKAN HILIR,RIAU
14,1410,KABUPATEN KEPULAUAN MERANTI,RIAU
14,1471,KOTA PEKANBARU,RIAU
14,1473,KOTA D U M A I,RIAU
15,1501,KABUPATEN KERINCI,JAMBI
15,1502,KABUPATEN MERANGIN,JAMBI
15,1503,KABUPATEN SAROLANGUN,JAMBI
15,1504,KABUPATEN BATANG HARI,JAMBI
15,1505,KABUPATEN MUARO JAMBI,JAMBI
15,1506,KABUPATEN TANJUNG JABUNG TIMUR,JAMBI
15,1507,KABUPATEN TANJUNG JABUNG BARAT,JAMBI
15,1508,KABUPATEN TEBO,JAMBI
15,1509,KABUPATEN BUNGO,JAMBI
15,1571,KOTA JAMBI,JAMBI
15,1572,KOTA SUNGAI PENUH,JAMBI
16,1601,KABUPATEN OGAN KOMERING ULU,SUMATERA SELATAN
16,1602,KABUPATEN OGAN KOMERING ILIR,SUMATERA SELATAN
16,1603,KABUPATEN MUARA ENIM,SUMATERA SELATAN
16,1604,KABUPATEN LAHAT,SUMATERA SELATAN
16,1605,KABUPATEN MUSI RAWAS,SUMATERA SELATAN
16,1606,KABUPATEN MUSI BANYUASIN,SUMATERA SELATAN
16,1607,KABUPATEN BANYU ASIN,SUMATERA SELATAN
16,1608,KABUPATEN OGAN KOMERING ULU SELATAN,SUMATERA SELATAN
16,1609,KABUPATEN OGAN KOMERING ULU TIMUR,SUMATERA SELATAN
16,1610,KABUPATEN OGAN ILIR,SUMATERA SELATAN
16,1611,KABUPATEN EMPAT LAWANG,SUMATERA SELATAN
16,1612,KABUPATEN PENUKAL ABAB LEMATANG ILIR,SUMATERA SELATAN
16,1613,KABUPATEN MUSI RAWAS UTARA,SUMATERA SELATAN
16,1671,KOTA PALEMBANG,SUMATERA SELATAN
16,1672,KOTA PRABUMULIH,SUMATERA SELATAN
16,1673,KOTA PAGAR ALAM,SUMATERA SELATAN
16,1674,KOTA LUBUKLINGGAU,SUMATERA SELATAN
17,1701,KABUPATEN BENGKULU SELATAN,BENGKULU
17,1702,KABUPATEN REJANG LEBONG,BENGKULU
17,1703,KABUPATEN BENGKULU UTARA,BENGKULU
17,1704,KABUPATEN KAUR,BENGKULU
17,1705,KABUPATEN SELUMA,BENGKULU
17,1706,KABUPATEN MUKOMUKO,BENGKULU
17,1707,KABUPATEN LEBONG,BENGKULU
17,1708,KABUPATEN KEPAHIANG,BENGKULU
17,1709,KABUPATEN BENGKULU TENGAH,BENGKULU
17,1771,KOTA BENGKULU,BENGKULU
18,1801,KABUPATEN LAMPUNG BARAT,LAMPUNG
18,1802,KABUPATEN TANGGAMUS,LAMPUNG
18,1803,KABUPATEN LAMPUNG SELATAN,LAMPUNG
18,1804,KABUPATEN LAMPUNG TIMUR,LAMPUNG
18,1805,KABUPATEN LAMPUNG TENGAH,LAMPUNG
18,1806,KABUPATEN LAMPUNG UTARA,LAMPUNG
18,1807,KABUPATEN WAY KANAN,LAMPUNG
18,1808,KABUPATEN TULANGBAWANG,LAMPUNG
18,1809,KABUPATEN PESAWARAN,LAMPUNG
18,1810,KABUPATEN PRINGSEWU,LAMPUNG
18,1811,KABUPATEN MESUJI,LAMPUNG
18,1812,KABUPATEN TULANG BAWANG BARAT,LAMPUNG
18,1813,KABUPATEN PESISIR BARAT,LAMPUNG
18,1871,KOTA BANDAR LAMPUNG,LAMPUNG
18,1872,KOTA METRO,LAMPUNG
19,1901,KABUPATEN BANGKA,KEPULAUAN BANGKA BELITUNG
19,1902,KABUPATEN BELITUNG,KEPULAUAN BANGKA BELITUNG
19,1903,KABUPATEN BANGKA BARAT,KEPULAUAN BANGKA BELITUNG
19,1904,KABUPATEN BANGKA TENGAH,KEPULAUAN BANGKA BELITUNG
19,1905,KABUPATEN BANGKA SELATAN,KEPULAUAN BANGKA BELITUNG
19,1906,KABUPATEN BELITUNG TIMUR,KEPULAUAN BANGKA BELITUNG
19,1971,KOTA PANGKAL PINANG,KEPULAUAN BANGKA BELITUNG
21,2101,KABUPATEN KARIMUN,KEPULAUAN RIAU
21,2102,KABUPATEN BINTAN,KEPULAUAN RIAU
21,2103,KABUPATEN NATUNA,KEPULAUAN RIAU
21,2104,KABUPATEN LINGGA,KEPULAUAN RIAU
21,2105,KABUPATEN KEPULAUAN ANAMBAS,KEPULAUAN RIAU
21,2171,KOTA B A T A M,KEPULAUAN RIAU
21,2172,KOTA TANJUNG PINANG,KEPULAUAN RIAU
31,3101,KABUPATEN KEPULAUAN SERIBU,DKI JAKARTA
31,3171,KOTA JAKARTA SELATAN,DKI JAKARTA
31,3172,KOTA JAKARTA TIMUR,DKI JAKARTA
31,3173,KOTA JAKARTA PUSAT,DKI JAKARTA
31,3174,KOTA JAKARTA BARAT,DKI JAKARTA
31,3175,KOTA JAKARTA UTARA,DKI JAKARTA
32,3201,KABUPATEN BOGOR,JAWA BARAT
32,3202,KABUPATEN SUKABUMI,JAWA BARAT
32,3203,KABUPATEN CIANJUR,JAWA BARAT
32,3204,KABUPATEN BANDUNG,JAWA BARAT
32,3205,KABUPATEN GARUT,JAWA BARAT
32,3206,KABUPATEN TASIKMALAYA,JAWA BARAT
32,3207,KABUPATEN CIAMIS,JAWA BARAT
32,3208,KABUPATEN KUNINGAN,JAWA BARAT
32,3209,KABUPATEN CIREBON,JAWA BARAT
32,3210,KABUPATEN MAJALENGKA,JAWA BARAT
32,3211,KABUPATEN SUMEDANG,JAWA BARAT
32,3212,KABUPATEN INDRAMAYU,JAWA BARAT
32,3213,KABUPATEN SUBANG,JAWA BARAT
32,3214,KABUPATEN PURWAKARTA,JAWA BARAT
32,3215,KABUPATEN KARAWANG,JAWA BARAT
32,3216,KABUPATEN BEKASI,JAWA BARAT
32,3217,KABUPATEN BANDUNG BARAT,JAWA BARAT
32,3218,KABUPATEN PANGANDARAN,JAWA BARAT
32,3271,KOTA BOGOR,JAWA BARAT
32,3272,KOTA SUKABUMI,JAWA BARAT
32,3273,KOTA BANDUNG,JAWA BARAT
32,3274,KOTA CIREBON,JAWA BARAT
32,3275,KOTA BEKASI,JAWA BARAT
32,3276,KOTA DEPOK,JAWA BARAT
32,3277,KOTA CIMAHI,JAWA BARAT
32,3278,KOTA TASIKMALAYA,JAWA BARAT
32,3279,KOTA BANJAR,JAWA BARAT
33,3301,KABUPATEN CILACAP,JAWA TENGAH
33,3302,KABUPATEN BANYUMAS,JAWA TENGAH
33,3303,KABUPATEN PURBALINGGA,JAWA TENGAH
33,3304,KABUPATEN BANJARNEGARA,JAWA TENGAH
33,3305,KABUPATEN KEBUMEN,JAWA TENGAH
33,3306,KABUPATEN PURWOREJO,JAWA TENGAH
33,3307,KABUPATEN WONOSOBO,JAWA TENGAH
33,3308,KABUPATEN MAGELANG,JAWA TENGAH
33,3309,KABUPATEN BOYOLALI,JAWA TENGAH
33,3310,KABUPATEN KLATEN,JAWA TENGAH
33,3311,KABUPATEN SUKOHARJO,JAWA TENGAH
33,3312,KABUPATEN WONOGIRI,JAWA TENGAH
33,3313,KABUPATEN KARANGANYAR,JAWA TENGAH
33,3314,KABUPATEN SRAGEN,JAWA TENGAH
33,3315,KABUPATEN GROBOGAN,JAWA TENGAH
33,3316,KABUPATEN BLORA,JAWA TENGAH
33,3317,KABUPATEN REMBANG,JAWA TENGAH
33,3318,KABUPATEN PATI,JAWA TENGAH
33,3319,KABUPATEN KUDUS,JAWA TENGAH
33,3320,KABUPATEN JEPARA,JAWA TENGAH
33,3321,KABUPATEN DEMAK,JAWA TENGAH
33,3322,KABUPATEN SEMARANG,JAWA TENGAH
33,3323,KABUPATEN TEMANGGUNG,JAWA TENGAH
33,3324,KABUPATEN KENDAL,JAWA TENGAH
33,3325,KABUPATEN BATANG,JAWA TENGAH
33,3326,KABUPATEN PEKALONGAN,JAWA TENGAH
33,3327,KABUPATEN PEMALANG,JAWA TENGAH
33,3328,KABUPATEN TEGAL,JAWA TENGAH
33,3329,KABUPATEN BREBES,JAWA TENGAH
33,3371,KOTA MAGELANG,JAWA TENGAH
33,3372,KOTA SURAKARTA,JAWA TENGAH
33,3373,KOTA SALATIGA,JAWA TENGAH
33,3374,KOTA SEMARANG,JAWA TENGAH
33,3375,KOTA PEKALONGAN,JAWA TENGAH
33,3376,KOTA TEGAL,JAWA TENGAH
34,3401,KABUPATEN KULON PROGO,DI YOGYAKARTA
34,3402,KABUPATEN BANTUL,DI YOGYAKARTA
34,3403,KABUPATEN GUNUNG KIDUL,DI YOGYAKARTA
34,3404,KABUPATEN SLEMAN,DI YOGYAKARTA
34,3471,KOTA YOGYAKARTA,DI YOGYAKARTA
35,3501,KABUPATEN PACITAN,JAWA TIMUR
35,3502,KABUPATEN PONOROGO,JAWA TIMUR
35,3503,KABUPATEN TRENGGALEK,JAWA TIMUR
35,3504,KABUPATEN TULUNGAGUNG,JAWA TIMUR
35,3505,KABUPATEN BLITAR,JAWA TIMUR
35,3506,KABUPATEN KEDIRI,JAWA TIMUR
35,3507,KABUPATEN MALANG,JAWA TIMUR
35,3508,KABUPATEN LUMAJANG,JAWA TIMUR
35,3509,KABUPATEN JEMBER,JAWA TIMUR
35,3510,KABUPATEN BANYUWANGI,JAWA TIMUR
35,3511,KABUPATEN BONDOWOSO,JAWA TIMUR
35,3512,KABUPATEN SITUBONDO,JAWA TIMUR
35,3513,KABUPATEN PROBOLINGGO,JAWA TIMUR
35,3514,KABUPATEN PASURUAN,JAWA TIMUR
35,3515,KABUPATEN SIDOARJO,JAWA TIMUR
35,3516,KABUPATEN MOJOKERTO,JAWA TIMUR
35,3517,KABUPATEN JOMBANG,JAWA TIMUR
35,3518,KABUPATEN NGANJUK,JAWA TIMUR
35,3519,KABUPATEN MADIUN,JAWA TIMUR
35,3520,KABUPATEN MAGETAN,JAWA TIMUR
35,3521,KABUPATEN NGAWI,JAWA TIMUR
35,3522,KABUPATEN BOJONEGORO,JAWA TIMUR
35,3523,KABUPATEN TUBAN,JAWA TIMUR
35,3524,KABUPATEN LAMONGAN,JAWA TIMUR
35,3525,KABUPATEN GRESIK,JAWA TIMUR
35,3526,KABUPATEN BANGKALAN,JAWA TIMUR
35,3527,KABUPATEN SAMPANG,JAWA TIMUR
35,3528,KABUPATEN PAMEKASAN,JAWA TIMUR
35,3529,KABUPATEN SUMENEP,JAWA TIMUR
35,3571,KOTA KEDIRI,JAWA TIMUR
35,3572,KOTA BLITAR,JAWA TIMUR
35,3573,KOTA MALANG,JAWA TIMUR
35,3574,KOTA PROBOLINGGO,JAWA TIMUR
35,3575,KOTA PASURUAN,JAWA TIMUR
35,3576,KOTA MOJOKERTO,JAWA TIMUR
35,3577,KOTA MADIUN,JAWA TIMUR
35,3578,KOTA SURABAYA,JAWA TIMUR
35,3579,KOTA BATU,JAWA TIMUR
36,3601,KABUPATEN PANDEGLANG,BANTEN
36,3602,KABUPATEN LEBAK,BANTEN
36,3603,KABUPATEN TANGERANG,BANTEN
36,3604,KABUPATEN SERANG,BANTEN
36,3671,KOTA TANGERANG,BANTEN
36,3672,KOTA CILEGON,BANTEN
36,3673,KOTA SERANG,BANTEN
36,3674,KOTA TANGERANG SELATAN,BANTEN
51,5101,KABUPATEN JEMBRANA,BALI
51,5102,KABUPATEN TABANAN,BALI
51,5103,KABUPATEN BADUNG,BALI
51,5104,KABUPATEN GIANYAR,BALI
51,5105,KABUPATEN KLUNGKUNG,BALI
51,5106,KABUPATEN BANGLI,BALI
51,5107,KABUPATEN KARANG ASEM,BALI
51,5108,KABUPATEN BULELENG,BALI
51,5171,KOTA DENPASAR,BALI
52,5201,KABUPATEN LOMBOK BARAT,NUSA TENGGARA BARAT
52,5202,KABUPATEN LOMBOK TENGAH,NUSA TENGGARA BARAT
52,5203,KABUPATEN LOMBOK TIMUR,NUSA TENGGARA BARAT
52,5204,KABUPATEN SUMBAWA,NUSA TENGGARA BARAT
52,5205,KABUPATEN DOMPU,NUSA TENGGARA BARAT
52,5206,KABUPATEN BIMA,NUSA TENGGARA BARAT
52,5207,KABUPATEN SUMBAWA BARAT,NUSA TENGGARA BARAT
52,5208,KABUPATEN LOMBOK UTARA,NUSA TENGGARA BARAT
52,5271,KOTA MATARAM,NUSA TENGGARA BARAT
52,5272,KOTA BIMA,NUSA TENGGARA BARAT
53,5301,KABUPATEN SUMBA BARAT,NUSA TENGGARA TIMUR
53,5302,KABUPATEN SUMBA TIMUR,NUSA TENGGARA TIMUR
53,5303,KABUPATEN KUPANG,NUSA TENGGARA TIMUR
53,5304,KABUPATEN TIMOR TENGAH SELATAN,NUSA TENGGARA TIMUR
53,5305,KABUPATEN TIMOR TENGAH UTARA,NUSA TENGGARA TIMUR
53,5306,KABUPATEN BELU,NUSA TENGGARA TIMUR
53,5307,KABUPATEN ALOR,NUSA TENGGARA TIMUR
53,5308,KABUPATEN LEMBATA,NUSA TENGGARA TIMUR
53,5309,KABUPATEN FLORES TIMUR,NUSA TENGGARA TIMUR
53,5310,KABUPATEN SIKKA,NUSA TENGGARA TIMUR
53,5311,KABUPATEN ENDE,NUSA TENGGARA TIMUR
53,5312,KABUPATEN NGADA,NUSA TENGGARA TIMUR
53,5313,KABUPATEN MANGGARAI,NUSA TENGGARA TIMUR
53,5314,KABUPATEN ROTE NDAO,NUSA TENGGARA TIMUR
53,5315,KABUPATEN MANGGARAI BARAT,NUSA TENGGARA TIMUR
53,5316,KABUPATEN SUMBA TENGAH,NUSA TENGGARA TIMUR
53,5317,KABUPATEN SUMBA BARAT DAYA,NUSA TENGGARA TIMUR
53,5318,KABUPATEN NAGEKEO,NUSA TENGGARA TIMUR
53,5319,KABUPATEN MANGGARAI TIMUR,NUSA TENGGARA TIMUR
53,5320,KABUPATEN SABU RAIJUA,NUSA TENGGARA TIMUR
53,5321,KABUPATEN MALAKA,NUSA TENGGARA TIMUR
53,5371,KOTA KUPANG,NUSA TENGGARA TIMUR
61,6101,KABUPATEN SAMBAS,KALIMANTAN BARAT
61,6102,KABUPATEN BENGKAYANG,KALIMANTAN BARAT
61,6103,KABUPATEN LANDAK,KALIMANTAN BARAT
61,6104,KABUPATEN MEMPAWAH,KALIMANTAN BARAT
61,6105,KABUPATEN SANGGAU,KALIMANTAN BARAT
61,6106,KABUPATEN KETAPANG,KALIMANTAN BARAT
61,6107,KABUPATEN SINTANG,KALIMANTAN BARAT
61,6108,KABUPATEN KAPUAS HULU,KALIMANTAN BARAT
61,6109,KABUPATEN SEKADAU,KALIMANTAN BARAT
61,6110,KABUPATEN MELAWI,KALIMANTAN BARAT
61,6111,KABUPATEN KAYONG UTARA,KALIMANTAN BARAT
61,6112,KABUPATEN KUBU RAYA,KALIMANTAN BARAT
61,6171,KOTA PONTIANAK,KALIMANTAN BARAT
61,6172,KOTA SINGKAWANG,KALIMANTAN BARAT
62,6201,KABUPATEN KOTAWARINGIN BARAT,KALIMANTAN TENGAH
62,6202,KABUPATEN KOTAWARINGIN TIMUR,KALIMANTAN TENGAH
62,6203,KABUPATEN KAPUAS,KALIMANTAN TENGAH
62,6204,KABUPATEN BARITO SELATAN,KALIMANTAN TENGAH
62,6205,KABUPATEN BARITO UTARA,KALIMANTAN TENGAH
62,6206,KABUPATEN SUKAMARA,KALIMANTAN TENGAH
62,6207,KABUPATEN LAMANDAU,KALIMANTAN TENGAH
62,6208,KABUPATEN SERUYAN,KALIMANTAN TENGAH
62,6209,KABUPATEN KATINGAN,KALIMANTAN TENGAH
62,6210,KABUPATEN PULANG PISAU,KALIMANTAN TENGAH
62,6211,KABUPATEN GUNUNG MAS,KALIMANTAN TENGAH
62,6212,KABUPATEN BARITO TIMUR,KALIMANTAN TENGAH
62,6213,KABUPATEN MURUNG RAYA,KALIMANTAN TENGAH
62,6271,KOTA PALANGKA RAYA,KALIMANTAN TENGAH
63,6301,KABUPATEN TANAH LAUT,KALIMANTAN SELATAN
63,6302,KABUPATEN KOTA BARU,KALIMANTAN SELATAN
63,6303,KABUPATEN BANJAR,KALIMANTAN SELATAN
63,6304,KABUPATEN BARITO KUALA,KALIMANTAN SELATAN
63,6305,KABUPATEN TAPIN,KALIMANTAN SELATAN
63,6306,KABUPATEN HULU SUNGAI SELATAN,KALIMANTAN SELATAN
63,6307,KABUPATEN HULU SUNGAI TENGAH,KALIMANTAN SELATAN
63,6308,KABUPATEN HULU SUNGAI UTARA,KALIMANTAN SELATAN
63,6309,KABUPATEN TABALONG,KALIMANTAN SELATAN
63,6310,KABUPATEN TANAH BUMBU,KALIMANTAN SELATAN
63,6311,KABUPATEN BALANGAN,KALIMANTAN SELATAN
63,6371,KOTA BANJARMASIN,KALIMANTAN SELATAN
63,6372,KOTA BANJAR BARU,KALIMANTAN SELATAN
64,6401,KABUPATEN PASER,KALIMANTAN TIMUR
64,6402,KABUPATEN KUTAI BARAT,KALIMANTAN TIMUR
64,6403,KABUPATEN KUTAI KARTANEGARA,KALIMANTAN TIMUR
64,6404,KABUPATEN KUTAI TIMUR,KALIMANTAN TIMUR
64,6405,KABUPATEN BERAU,KALIMANTAN TIMUR
64,6409,KABUPATEN PENAJAM PASER UTARA,KALIMANTAN TIMUR
64,6411,KABUPATEN MAHAKAM HULU,KALIMANTAN TIMUR
64,6471,KOTA BALIKPAPAN,KALIMANTAN TIMUR
64,6472,KOTA SAMARINDA,KALIMANTAN TIMUR
64,6474,KOTA BONTANG,KALIMANTAN TIMUR
65,6501,KABUPATEN MALINAU,KALIMANTAN UTARA
65,6502,KABUPATEN BULUNGAN,KALIMANTAN UTARA
65,6503,KABUPATEN TANA TIDUNG,KALIMANTAN UTARA
65,6504,KABUPATEN NUNUKAN,KALIMANTAN UTARA
65,6571,KOTA TARAKAN,KALIMANTAN UTARA
71,7101,KABUPATEN BOLAANG MONGONDOW,SULAWESI UTARA
71,7102,KABUPATEN MINAHASA,SULAWESI UTARA
71,7103,KABUPATEN KEPULAUAN SANGIHE,SULAWESI UTARA
71,7104,KABUPATEN KEPULAUAN TALAUD,SULAWESI UTARA
71,7105,KABUPATEN MINAHASA SELATAN,SULAWESI UTARA
71,7106,KABUPATEN MINAHASA UTARA,SULAWESI UTARA
71,7107,KABUPATEN BOLAANG MONGONDOW UTARA,SULAWESI UTARA
71,7108,KABUPATEN SIAU TAGULANDANG BIARO,SULAWESI UTARA
71,7109,KABUPATEN MINAHASA TENGGARA,SULAWESI UTARA
71,7110,KABUPATEN BOLAANG MONGONDOW SELATAN,SULAWESI UTARA
71,7111,KABUPATEN BOLAANG MONGONDOW TIMUR,SULAWESI UTARA
71,7171,KOTA MANADO,SULAWESI UTARA
71,7172,KOTA BITUNG,SULAWESI UTARA
71,7173,KOTA TOMOHON,SULAWESI UTARA
71,7174,KOTA KOTAMOBAGU,SULAWESI UTARA
72,7201,KABUPATEN BANGGAI KEPULAUAN,SULAWESI TENGAH
72,7202,KABUPATEN BANGGAI,SULAWESI TENGAH
72,7203,KABUPATEN MOROWALI,SULAWESI TENGAH
72,7204,KABUPATEN POSO,SULAWESI TENGAH
72,7205,KABUPATEN DONGGALA,SULAWESI TENGAH
72,7206,KABUPATEN TOLI-TOLI,SULAWESI TENGAH
72,7207,KABUPATEN BUOL,SULAWESI TENGAH
72,7208,KABUPATEN PARIGI MOUTONG,SULAWESI TENGAH
72,7209,KABUPATEN TOJO UNA-UNA,SULAWESI TENGAH
72,7210,KABUPATEN SIGI,SULAWESI TENGAH
72,7211,KABUPATEN BANGGAI LAUT,SULAWESI TENGAH
72,7212,KABUPATEN MOROWALI UTARA,SULAWESI TENGAH
72,7271,KOTA PALU,SULAWESI TENGAH
73,7301,KABUPATEN KEPULAUAN SELAYAR,SULAWESI SELATAN
73,7302,KABUPATEN BULUKUMBA,SULAWESI SELATAN
73,7303,KABUPATEN BANTAENG,SULAWESI SELATAN
73,7304,KABUPATEN JENEPONTO,SULAWESI SELATAN
73,7305,KABUPATEN TAKALAR,SULAWESI SELATAN
73,7306,KABUPATEN GOWA,SULAWESI SELATAN
73,7307,KABUPATEN SINJAI,SULAWESI SELATAN
73,7308,KABUPATEN MAROS,SULAWESI SELATAN
73,7309,KABUPATEN PANGKAJENE DAN KEPULAUAN,SULAWESI SELATAN
73,7310,KABUPATEN BARRU,SULAWESI SELATAN
73,7311,KABUPATEN BONE,SULAWESI SELATAN
73,7312,KABUPATEN SOPPENG,SULAWESI SELATAN
73,7313,KABUPATEN WAJO,SULAWESI SELATAN
73,7314,KABUPATEN SIDENRENG RAPPANG,SULAWESI SELATAN
73,7315,KABUPATEN PINRANG,SULAWESI SELATAN
73,7316,KABUPATEN ENREKANG,SULAWESI SELATAN
73,7317,KABUPATEN LUWU,SULAWESI SELATAN
73,7318,KABUPATEN TANA TORAJA,SULAWESI SELATAN
73,7322,KABUPATEN LUWU UTARA,SULAWESI SELATAN
73,7325,KABUPATEN LUWU TIMUR,SULAWESI SELATAN
73,7326,KABUPATEN TORAJA UTARA,SULAWESI SELATAN
73,7371,KOTA MAKASSAR,SULAWESI SELATAN
73,7372,KOTA PAREPARE,SULAWESI SELATAN
73,7373,KOTA PALOPO,SULAWESI SELATAN
74,7401,KABUPATEN BUTON,SULAWESI TENGGARA
74,7402,KABUPATEN MUNA,SULAWESI TENGGARA
74,7403,KABUPATEN KONAWE,SULAWESI TENGGARA
74,7404,KABUPATEN KOLAKA,SULAWESI TENGGARA
74,7405,KABUPATEN KONAWE SELATAN,SULAWESI TENGGARA
74,7406,KABUPATEN BOMBANA,SULAWESI TENGGARA
74,7407,KABUPATEN WAKATOBI,SULAWESI TENGGARA
74,7408,KABUPATEN KOLAKA UTARA,SULAWESI TENGGARA
74,7409,KABUPATEN BUTON UTARA,SULAWESI TENGGARA
74,7410,KABUPATEN KONAWE UTARA,SULAWESI TENGGARA
74,7411,KABUPATEN KOLAKA TIMUR,SULAWESI TENGGARA
74,7412,KABUPATEN KONAWE KEPULAUAN,SULAWESI TENGGARA
74,7413,KABUPATEN MUNA BARAT,SULAWESI TENGGARA
74,7414,KABUPATEN BUTON TENGAH,SULAWESI TENGGARA
74,7415,KABUPATEN BUTON SELATAN,SULAWESI TENGGARA
74,7471,KOTA KENDARI,SULAWESI TENGGARA
74,7472,KOTA BAUBAU,SULAWESI TENGGARA
75,7501,KABUPATEN BOALEMO,GORONTALO
75,7502,KABUPATEN GORONTALO,GORONTALO
75,7503,KABUPATEN POHUWATO,GORONTALO
75,7504,KABUPATEN BONE BOLANGO,GORONTALO
75,7505,KABUPATEN GORONTALO UTARA,GORONTALO
75,7571,KOTA GORONTALO,GORONTALO
76,7601,KABUPATEN MAJENE,SULAWESI BARAT
76,7602,KABUPATEN POLEWALI MANDAR,SULAWESI BARAT
76,7603,KABUPATEN MAMASA,SULAWESI BARAT
76,7604,KABUPATEN MAMUJU,SULAWESI BARAT
76,7605,KABUPATEN MAMUJU UTARA,SULAWESI BARAT
76,7606,KABUPATEN MAMUJU TENGAH,SULAWESI BARAT
81,8101,KABUPATEN MALUKU TENGGARA BARAT,MALUKU
81,8102,KABUPATEN MALUKU TENGGARA,MALUKU
81,8103,KABUPATEN MALUKU TENGAH,MALUKU
81,8104,KABUPATEN BURU,MALUKU
81,8105,KABUPATEN KEPULAUAN ARU,MALUKU
81,8106,KABUPATEN SERAM BAGIAN BARAT,MALUKU
81,8107,KABUPATEN SERAM BAGIAN TIMUR,MALUKU
81,8108,KABUPATEN MALUKU BARAT DAYA,MALUKU
81,8109,KABUPATEN BURU SELATAN,MALUKU
81,8171,KOTA AMBON,MALUKU
81,8172,KOTA TUAL,MALUKU
82,8201,KABUPATEN HALMAHERA BARAT,MALUKU UTARA
82,8202,KABUPATEN HALMAHERA TENGAH,MALUKU UTARA
82,8203,KABUPATEN KEPULAUAN SULA,MALUKU UTARA
82,8204,KABUPATEN HALMAHERA SELATAN,MALUKU UTARA
82,8205,KABUPATEN HALMAHERA UTARA,MALUKU UTARA
82,8206,KABUPATEN HALMAHERA TIMUR,MALUKU UTARA
82,8207,KABUPATEN PULAU MOROTAI,MALUKU UTARA
82,8208,KABUPATEN PULAU TALIABU,MALUKU UTARA
82,8271,KOTA TERNATE,MALUKU UTARA
82,8272,KOTA TIDORE KEPULAUAN,MALUKU UTARA
91,9101,KABUPATEN FAKFAK,PAPUA BARAT
91,9102,KABUPATEN KAIMANA,PAPUA BARAT
91,9103,KABUPATEN TELUK WONDAMA,PAPUA BARAT
91,9104,KABUPATEN TELUK BINTUNI,PAPUA BARAT
91,9105,KABUPATEN MANOKWARI,PAPUA BARAT
91,9106,KABUPATEN SORONG SELATAN,PAPUA BARAT
91,9107,KABUPATEN SORONG,PAPUA BARAT
91,9108,KABUPATEN RAJA AMPAT,PAPUA BARAT
91,9109,KABUPATEN TAMBRAUW,PAPUA BARAT
91,9110,KABUPATEN MAYBRAT,PAPUA BARAT
91,9111,KABUPATEN MANOKWARI SELATAN,PAPUA BARAT
91,9112,KABUPATEN PEGUNUNGAN ARFAK,PAPUA BARAT
91,9171,KOTA SORONG,PAPUA BARAT
94,9401,KABUPATEN MERAUKE,PAPUA
94,9402,KABUPATEN JAYAWIJAYA,PAPUA
94,9403,KABUPATEN JAYAPURA,PAPUA
94,9404,KABUPATEN NABIRE,PAPUA
94,9408,KABUPATEN KEPULAUAN YAPEN,PAPUA
94,9409,KABUPATEN BIAK NUMFOR,PAPUA
94,9410,KABUPATEN PANIAI,PAPUA
94,9411,KABUPATEN PUNCAK JAYA,PAPUA
94,9412,KABUPATEN MIMIKA,PAPUA
94,9413,KABUPATEN BOVEN DIGOEL,PAPUA
94,9414,KABUPATEN MAPPI,PAPUA
94,9415,KABUPATEN ASMAT,PAPUA
94,9416,KABUPATEN YAHUKIMO,PAPUA
94,9417,KABUPATEN PEGUNUNGAN BINTANG,PAPUA
94,9418,KABUPATEN TOLIKARA,PAPUA
94,9419,KABUPATEN SARMI,PAPUA
94,9420,KABUPATEN KEEROM,PAPUA
94,9426,KABUPATEN WAROPEN,PAPUA
94,9427,KABUPATEN SUPIORI,PAPUA
94,9428,KABUPATEN MAMBERAMO RAYA,PAPUA
94,9429,KABUPATEN NDUGA,PAPUA
94,9430,KABUPATEN LANNY JAYA,PAPUA
94,9431,KABUPATEN MAMBERAMO TENGAH,PAPUA
94,9432,KABUPATEN YALIMO,PAPUA
94,9433,KABUPATEN PUNCAK,PAPUA
94,9434,KABUPATEN DOGIYAI,PAPUA
94,9435,KABUPATEN INTAN JAYA,PAPUA
94,9436,KABUPATEN DEIYAI,PAPUA
94,9471,KOTA JAYAPURA,PAPUA
